timestamp_ns,thread_index,role,event,item_id
34151,0,P,P_REQ,0
69945,2,P,P_REQ,2
45500,1,P,P_REQ,1
91785,1,P,P_DONE,1
102651,2,P,P_DONE,2
152293,4,P,P_REQ,3
76757,0,P,P_DONE,0
173936,4,P,P_DONE,3
187532,0,C,C_REQ,-1
206449,0,C,C_DONE,0
211036,2,C,C_REQ,-1
215255,2,C,C_DONE,1
211411,1,C,C_REQ,-1
218308,1,C,C_DONE,2
224422,4,C,C_REQ,-1
230821,4,C,C_DONE,3
224419,3,C,C_REQ,-1
163068,3,P,P_REQ,4
285233,3,P,P_DONE,4
302925,3,C,C_DONE,4
1555024,4,C,C_REQ,-1
4125365,3,C,C_REQ,-1
5325254,1,C,C_REQ,-1
5343258,0,C,C_REQ,-1
5346919,2,P,P_REQ,5
5351151,2,P,P_DONE,5
5357097,4,C,C_DONE,5
6922848,2,C,C_REQ,-1
9029624,4,P,P_REQ,6
9036730,4,P,P_DONE,6
9038717,4,P,P_REQ,7
9041104,4,P,P_DONE,7
9044066,1,P,P_REQ,8
9072406,1,P,P_DONE,8
9045855,1,C,C_DONE,6
9084616,0,C,C_DONE,8
9051725,3,C,C_DONE,7
10369737,1,C,C_REQ,-1
11504108,3,P,P_REQ,9
11504242,0,P,P_REQ,10
11514676,3,C,C_REQ,-1
11516889,3,C,C_DONE,9
11518591,3,P,P_DONE,9
11519993,2,P,P_REQ,11
11538268,2,P,P_DONE,11
11545247,2,C,C_DONE,11
11554191,0,P,P_DONE,10
11558478,1,C,C_DONE,10
12873153,1,C,C_REQ,-1
13890648,4,P,P_REQ,12
13892139,3,P,P_REQ,13
13897056,4,P,P_DONE,12
13897426,3,P,P_DONE,13
13904848,1,C,C_DONE,12
13906876,1,C,C_REQ,-1
13907070,1,C,C_DONE,13
14939676,2,P,P_REQ,14
14941876,2,P,P_DONE,14
16531765,2,C,C_REQ,-1
16538589,2,C,C_DONE,14
16531769,0,C,C_REQ,-1
16541091,4,C,C_REQ,-1
17429003,3,C,C_REQ,-1
17447347,1,P,P_REQ,15
17453314,1,P,P_DONE,15
17457680,0,C,C_DONE,15
18936883,3,P,P_REQ,17
18936879,0,P,P_REQ,16
18949335,3,P,P_DONE,17
18949726,4,P,P_REQ,18
18951903,4,C,C_DONE,17
18959108,3,C,C_DONE,18
18962168,4,P,P_DONE,18
18966472,0,P,P_DONE,16
20016787,4,P,P_REQ,19
20019131,4,P,P_DONE,19
20498563,1,P,P_REQ,20
20500992,1,P,P_DONE,20
21509983,2,C,C_REQ,-1
21517801,2,C,C_DONE,16
21520885,2,C,C_REQ,-1
21521021,2,C,C_DONE,19
21510311,4,C,C_REQ,-1
21553393,4,C,C_DONE,20
22710917,2,P,P_REQ,21
22720679,2,P,P_DONE,21
22710960,1,C,C_REQ,-1
22723825,1,C,C_DONE,21
22762046,1,C,C_REQ,-1
23217437,3,P,P_REQ,22
23225347,3,P,P_DONE,22
23232071,1,C,C_DONE,22
24062118,2,C,C_REQ,-1
25619092,4,C,C_REQ,-1
26093682,0,C,C_REQ,-1
26649687,4,P,P_REQ,23
26650010,3,C,C_REQ,-1
26668924,4,P,P_DONE,23
26669606,2,C,C_DONE,23
26687226,2,C,C_REQ,-1
26796413,2,P,P_REQ,24
26802073,2,P,P_DONE,24
26805509,4,C,C_DONE,24
27965706,4,P,P_REQ,25
27968771,4,C,C_REQ,-1
27972073,2,P,P_REQ,26
27999861,2,P,P_DONE,26
27972077,0,P,P_REQ,27
28017253,3,C,C_DONE,26
27981807,4,P,P_DONE,25
27983281,0,C,C_DONE,25
28026824,0,P,P_DONE,27
28034149,2,C,C_DONE,27
28360466,1,C,C_REQ,-1
30512797,1,P,P_REQ,28
30561676,4,C,C_DONE,28
30574334,1,P,P_DONE,28
31603034,3,P,P_REQ,29
31618918,3,P,P_DONE,29
31678910,1,C,C_DONE,29
31831202,1,P,P_REQ,30
31833152,1,P,P_DONE,30
32776865,4,C,C_REQ,-1
32780647,4,C,C_DONE,30
32803149,0,C,C_REQ,-1
35143118,1,C,C_REQ,-1
35209175,0,P,P_REQ,31
35216066,0,P,P_DONE,31
35222029,0,C,C_DONE,31
36522790,2,C,C_REQ,-1
36530218,2,P,P_REQ,32
36532128,4,P,P_REQ,33
36538694,2,P,P_DONE,32
36548386,2,C,C_DONE,32
36549345,4,P,P_DONE,33
36556824,1,C,C_DONE,33
39027942,0,C,C_REQ,-1
39038240,1,P,P_REQ,34
39042505,1,P,P_DONE,34
39047309,0,C,C_DONE,34
39055533,3,C,C_REQ,-1
39364045,0,P,P_REQ,35
39371233,0,P,P_DONE,35
39373405,0,P,P_REQ,36
39373584,0,P,P_DONE,36
39378494,3,C,C_DONE,35
40330574,2,P,P_REQ,37
40332751,2,P,P_DONE,37
40338086,3,P,P_REQ,38
40339392,3,P,P_DONE,38
44087182,4,C,C_REQ,-1
44090918,4,C,C_DONE,36
45335162,2,C,C_REQ,-1
45337916,2,C,C_DONE,37
45343633,1,C,C_REQ,-1
45344905,1,C,C_DONE,38
45355885,2,P,P_REQ,39
45358504,2,P,P_DONE,39
45370409,4,P,P_REQ,40
45371683,4,P,P_DONE,40
45372923,4,P,P_REQ,41
45373060,4,P,P_DONE,41
46650295,4,C,C_REQ,-1
46653703,4,C,C_DONE,39
46664078,0,C,C_REQ,-1
46665598,0,C,C_DONE,40
46666682,3,C,C_REQ,-1
46669195,3,C,C_DONE,41
46669759,3,P,P_REQ,42
46671652,3,P,P_DONE,42
46671823,3,C,C_REQ,-1
46672138,3,C,C_DONE,42
47665821,0,P,P_REQ,43
47668571,0,P,P_DONE,43
48189902,1,P,P_REQ,44
48192297,1,P,P_DONE,44
49458939,4,P,P_REQ,45
49461658,4,P,P_DONE,45
52462419,1,C,C_REQ,-1
52465355,1,C,C_DONE,43
54152686,2,P,P_REQ,46
54155963,2,P,P_DONE,46
54176300,1,P,P_REQ,47
54177642,1,P,P_DONE,47
54180861,4,C,C_REQ,-1
54182223,4,C,C_DONE,44
54203017,3,P,P_REQ,48
54205181,3,P,P_DONE,48
55469463,2,P,P_REQ,49
55471681,2,P,P_DONE,49
56081174,2,C,C_REQ,-1
56083399,2,C,C_DONE,45
56089677,0,C,C_REQ,-1
56110493,0,C,C_DONE,46
56724326,3,C,C_REQ,-1
56763227,3,C,C_DONE,47
56763953,1,C,C_REQ,-1
56735209,1,P,P_REQ,50
56770660,1,P,P_DONE,50
56735213,0,P,P_REQ,51
56781516,0,P,P_DONE,51
56755114,4,C,C_REQ,-1
56791206,4,C,C_DONE,49
56774213,1,C,C_DONE,48
57010131,4,P,P_REQ,52
57012356,4,P,P_DONE,52
58069762,3,C,C_REQ,-1
58072101,3,C,C_DONE,50
59337641,1,C,C_REQ,-1
59341903,1,C,C_DONE,51
60505031,3,P,P_REQ,53
60508044,3,P,P_DONE,53
61101697,0,P,P_REQ,54
61104163,0,P,P_DONE,54
61111149,2,C,C_REQ,-1
61112686,2,C,C_DONE,52
61114083,2,C,C_REQ,-1
61114265,2,C,C_DONE,53
61119473,4,P,P_REQ,55
61122017,4,P,P_DONE,55
62287996,0,C,C_REQ,-1
62291002,0,C,C_DONE,54
64905966,2,P,P_REQ,56
64908503,2,P,P_DONE,56
64911476,2,P,P_REQ,57
64911618,2,P,P_DONE,57
64918044,1,C,C_REQ,-1
64920182,1,C,C_DONE,55
66086051,0,C,C_REQ,-1
66088351,0,C,C_DONE,56
66173841,4,P,P_REQ,58
66176113,4,P,P_DONE,58
66178476,4,P,P_REQ,59
66178618,4,P,P_DONE,59
66182672,3,C,C_REQ,-1
66183980,3,C,C_DONE,57
67273247,1,P,P_REQ,60
67275420,1,P,P_DONE,60
67281767,4,C,C_REQ,-1
67283034,4,C,C_DONE,58
68740704,3,P,P_REQ,61
68742829,3,P,P_DONE,61
71161459,0,P,P_REQ,62
71164440,0,P,P_DONE,62
71172448,2,C,C_REQ,-1
71173690,2,C,C_DONE,59
71205503,2,P,P_REQ,63
71207621,2,P,P_DONE,63
73719274,1,C,C_REQ,-1
73722175,1,C,C_DONE,60
74827225,4,C,C_REQ,-1
74829692,4,C,C_DONE,61
75359285,0,C,C_REQ,-1
75364303,0,C,C_DONE,62
75377087,0,P,P_REQ,64
75378852,0,P,P_DONE,64
75382898,3,C,C_REQ,-1
75409757,3,C,C_DONE,63
75383946,2,C,C_REQ,-1
75417157,2,C,C_DONE,64
75396618,4,P,P_REQ,65
75421744,4,P,P_DONE,65
76680905,0,C,C_REQ,-1
76685459,0,C,C_DONE,65
76689970,1,P,P_REQ,66
76692672,1,P,P_DONE,66
76963937,1,C,C_REQ,-1
76966335,1,C,C_DONE,66
76968571,1,C,C_REQ,-1
77897739,4,C,C_REQ,-1
79173648,0,P,P_REQ,67
79179638,0,P,P_DONE,67
79185216,2,C,C_REQ,-1
79186584,2,C,C_DONE,67
79189360,2,P,P_REQ,68
79193280,2,P,P_DONE,68
79194378,2,P,P_REQ,69
79194528,2,P,P_DONE,69
79197491,1,C,C_DONE,68
79198983,3,P,P_REQ,70
79201439,3,P,P_DONE,70
79201490,4,C,C_DONE,69
80503021,1,P,P_REQ,71
80504860,1,P,P_DONE,71
80506938,1,P,P_REQ,72
80507088,1,P,P_DONE,72
81596811,0,C,C_REQ,-1
81599010,0,C,C_DONE,70
83331486,2,C,C_REQ,-1
83333769,2,C,C_DONE,71
85399904,0,C,C_REQ,-1
85402436,0,C,C_DONE,72
85408618,0,P,P_REQ,73
85410017,0,P,P_DONE,73
85413146,2,P,P_REQ,74
85414415,2,P,P_DONE,74
85417573,3,C,C_REQ,-1
85418805,3,C,C_DONE,73
85419091,4,C,C_REQ,-1
85421253,4,C,C_DONE,74
85421682,4,P,P_REQ,75
85423007,4,P,P_DONE,75
85423642,4,C,C_REQ,-1
85423936,4,C,C_DONE,75
85424197,4,P,P_REQ,76
85424486,4,P,P_DONE,76
85429034,3,P,P_REQ,77
85430458,3,P,P_DONE,77
85431407,1,C,C_REQ,-1
85433589,1,C,C_DONE,76
85436025,1,C,C_REQ,-1
85436157,1,C,C_DONE,77
87742188,2,P,P_REQ,78
87753850,2,P,P_DONE,78
87742949,4,P,P_REQ,79
87773145,4,P,P_DONE,79
88570955,0,P,P_REQ,80
88572544,0,P,P_DONE,80
90296258,2,P,P_REQ,81
90305771,1,P,P_REQ,82
90310252,1,P,P_DONE,82
90325635,1,P,P_REQ,83
90325908,1,P,P_DONE,83
90305964,2,P,P_DONE,81
90297439,1,C,C_REQ,-1
90337464,1,C,C_DONE,78
91912602,2,C,C_REQ,-1
91914660,2,C,C_DONE,79
91925768,4,C,C_REQ,-1
91926751,4,C,C_DONE,80
91929479,3,P,P_REQ,84
91930643,3,P,P_DONE,84
92380973,1,P,P_REQ,85
92382852,1,P,P_DONE,85
92386851,0,C,C_REQ,-1
92387906,0,C,C_DONE,81
93903617,4,P,P_REQ,87
93908711,4,P,P_DONE,87
93903613,0,P,P_REQ,86
93911037,0,P,P_DONE,86
93916293,3,C,C_REQ,-1
93918173,3,C,C_DONE,82
96631287,1,C,C_REQ,-1
96633327,1,C,C_DONE,83
96638888,4,C,C_REQ,-1
96640075,4,C,C_DONE,84
96642793,3,P,P_REQ,88
96644002,3,P,P_DONE,88
96669003,1,P,P_REQ,89
96671110,1,P,P_DONE,89
96673265,1,P,P_REQ,90
96673405,1,P,P_DONE,90
98270716,2,P,P_REQ,91
98272917,2,P,P_DONE,91
99285310,2,C,C_REQ,-1
99287282,2,C,C_DONE,85
100694560,0,P,P_REQ,92
100696302,0,P,P_DONE,92
100707189,3,C,C_REQ,-1
100710514,3,C,C_DONE,87
101999339,3,C,C_REQ,-1
102001663,3,C,C_DONE,86
102698087,4,P,P_REQ,93
102700316,4,P,P_DONE,93
102702439,4,P,P_REQ,94
102702605,4,P,P_DONE,94
102935312,3,P,P_REQ,95
102937737,3,P,P_DONE,95
102942805,2,P,P_REQ,96
102943969,2,P,P_DONE,96
103291880,3,C,C_REQ,-1
103293786,3,C,C_DONE,88
103300885,0,C,C_REQ,-1
103302325,0,C,C_DONE,89
105462755,1,P,P_REQ,97
105464817,1,P,P_DONE,97
105469759,0,C,C_REQ,-1
105470864,0,C,C_DONE,90
105484842,2,P,P_REQ,98
105492490,1,C,C_REQ,-1
105494540,1,C,C_DONE,91
105494953,2,P,P_DONE,98
105485051,2,C,C_REQ,-1
105499000,2,C,C_DONE,92
106759036,0,C,C_REQ,-1
106760892,0,C,C_DONE,93
109689900,0,P,P_REQ,99
109708833,0,P,P_DONE,99
109689896,4,C,C_REQ,-1
111626479,4,C,C_DONE,94
111632795,1,P,P_REQ,100
111634377,1,P,P_DONE,100
111638767,0,C,C_REQ,-1
111642550,4,P,P_REQ,102
111639981,0,P,P_REQ,101
111652760,0,P,P_DONE,101
111643798,0,C,C_DONE,95
111646866,4,P,P_DONE,102
111682153,4,P,P_REQ,103
111682665,4,P,P_DONE,103
112932459,0,C,C_REQ,-1
112935476,0,C,C_DONE,96
114197260,1,P,P_REQ,104
114199235,1,P,P_DONE,104
114200609,3,P,P_REQ,105
114202903,3,P,P_DONE,105
114212419,3,C,C_REQ,-1
114214606,3,C,C_DONE,97
114216755,3,C,C_REQ,-1
114216884,3,C,C_DONE,98
114203508,2,C,C_REQ,-1
114223431,2,C,C_DONE,99
114931196,1,C,C_REQ,-1
114933373,1,C,C_DONE,100
114939176,2,P,P_REQ,106
114940692,2,P,P_DONE,106
116062858,4,P,P_REQ,107
116065555,4,P,P_DONE,107
116068219,4,P,P_REQ,108
116086598,4,P,P_DONE,108
117466704,1,C,C_REQ,-1
117468335,1,C,C_DONE,102
117472956,0,C,C_REQ,-1
117474222,0,C,C_DONE,101
117477145,3,C,C_REQ,-1
117478261,3,C,C_DONE,103
118764415,0,C,C_REQ,-1
118766236,0,C,C_DONE,104
119196003,0,P,P_REQ,109
119198240,0,P,P_DONE,109
119209355,1,P,P_REQ,110
119210534,1,P,P_DONE,110
120507243,3,P,P_REQ,111
120509368,3,P,P_DONE,111
120514808,2,C,C_REQ,-1
120516152,2,C,C_DONE,105
121305148,0,C,C_REQ,-1
121307007,0,C,C_DONE,106
122376925,4,P,P_REQ,112
122378922,4,P,P_DONE,112
122766492,4,C,C_REQ,-1
122768672,4,C,C_DONE,107
123221316,1,P,P_REQ,113
123223204,1,P,P_DONE,113
126159063,2,P,P_REQ,114
126161252,2,P,P_DONE,114
126166133,3,P,P_REQ,115
126167146,3,P,P_DONE,115
126169376,2,C,C_REQ,-1
126170392,2,C,C_DONE,108
126203805,1,C,C_REQ,-1
126204966,1,C,C_DONE,109
126205209,0,C,C_REQ,-1
126207172,0,C,C_DONE,110
126208108,3,C,C_REQ,-1
126209244,3,C,C_DONE,111
127256268,1,P,P_REQ,116
127258158,1,P,P_DONE,116
127469473,0,C,C_REQ,-1
127471290,0,C,C_DONE,112
127532986,4,P,P_REQ,117
127534888,4,P,P_DONE,117
127537085,4,P,P_REQ,118
127537297,4,P,P_DONE,118
128755302,1,C,C_REQ,-1
128757301,1,C,C_DONE,113
129981969,0,P,P_REQ,119
129988064,0,P,P_DONE,119
129981972,1,C,C_REQ,-1
129990186,1,C,C_DONE,114
129995159,3,C,C_REQ,-1
129996527,3,C,C_DONE,115
131082747,0,P,P_REQ,120
131085047,0,P,P_DONE,120
131090550,1,C,C_REQ,-1
131091925,1,C,C_DONE,116
131160997,4,C,C_REQ,-1
131162630,4,C,C_DONE,117
131597007,1,P,P_REQ,121
131599170,1,P,P_DONE,121
132380186,1,C,C_REQ,-1
132385467,1,C,C_DONE,118
132380182,2,P,P_REQ,122
132388309,2,P,P_DONE,122
132392930,2,C,C_REQ,-1
132395093,2,C,C_DONE,119
133519704,2,C,C_REQ,-1
133521466,2,C,C_DONE,120
134524760,1,C,C_REQ,-1
134526640,1,C,C_DONE,121
134548777,4,P,P_REQ,123
134561613,4,P,P_DONE,123
135816064,1,C,C_REQ,-1
135818045,1,C,C_DONE,122
135830669,2,C,C_REQ,-1
135831832,2,C,C_DONE,123
135834544,3,P,P_REQ,124
135836002,3,P,P_DONE,124
135838820,0,C,C_REQ,-1
135840055,0,C,C_DONE,124
137109517,1,C,C_REQ,-1
137117744,0,P,P_REQ,125
137122013,0,P,P_DONE,125
137126470,1,C,C_DONE,125
137887324,1,P,P_REQ,126
137889518,1,P,P_DONE,126
139429882,3,C,C_REQ,-1
139432652,3,C,C_DONE,126
139439165,4,C,C_REQ,-1
141174261,2,P,P_REQ,127
141180768,2,P,P_DONE,127
141186172,4,C,C_DONE,127
141195027,0,P,P_REQ,128
141231855,0,P,P_DONE,128
141975391,3,C,C_REQ,-1
141977202,3,C,C_DONE,128
143379998,0,C,C_REQ,-1
143387366,1,P,P_REQ,129
143391081,1,P,P_DONE,129
143394571,4,P,P_REQ,130
143395822,4,P,P_DONE,130
143397968,2,C,C_REQ,-1
143398976,2,C,C_DONE,129
143407894,0,C,C_DONE,130
145020892,0,P,P_REQ,131
145022871,0,P,P_DONE,131
145024970,0,P,P_REQ,132
145025122,0,P,P_DONE,132
145029113,3,P,P_REQ,133
145030134,3,P,P_DONE,133
145930541,1,P,P_REQ,134
145932414,1,P,P_DONE,134
145937107,4,P,P_REQ,135
145938065,4,P,P_DONE,135
147181227,0,P,P_REQ,136
147183618,0,P,P_DONE,136
148228061,2,P,P_REQ,137
148233616,2,P,P_DONE,137
148228057,1,C,C_REQ,-1
148235732,1,C,C_DONE,131
148235882,2,P,P_REQ,138
148236097,2,P,P_DONE,138
148245457,4,C,C_REQ,-1
148247156,4,C,C_DONE,132
148249371,4,C,C_REQ,-1
148249506,4,C,C_DONE,133
148517851,0,C,C_REQ,-1
148520003,0,C,C_DONE,134
149454747,3,C,C_REQ,-1
149479798,4,P,P_REQ,139
149481914,4,P,P_DONE,139
149484436,4,P,P_REQ,140
149484621,4,P,P_DONE,140
149486353,3,C,C_DONE,135
149474198,1,C,C_REQ,-1
149501334,1,C,C_DONE,136
150751321,2,P,P_REQ,141
150753757,2,P,P_DONE,141
150753827,4,P,P_REQ,142
150755324,4,P,P_DONE,142
151333320,3,P,P_REQ,143
151335132,3,P,P_DONE,143
152045505,2,P,P_REQ,144
152047618,2,P,P_DONE,144
153439084,2,C,C_REQ,-1
153441287,2,C,C_DONE,137
153446655,1,P,P_REQ,145
153448044,1,P,P_DONE,145
153450607,3,P,P_REQ,146
153451526,3,P,P_DONE,146
154538912,4,C,C_REQ,-1
154541088,4,C,C_DONE,138
155975135,0,P,P_REQ,147
155977294,0,P,P_DONE,147
155979359,0,P,P_REQ,148
155979504,0,P,P_DONE,148
155983243,3,P,P_REQ,149
156048513,0,C,C_REQ,-1
156056019,0,C,C_DONE,139
156063532,3,P,P_DONE,149
157344545,0,C,C_REQ,-1
157346432,0,C,C_DONE,140
159525698,3,C,C_REQ,-1
159528069,3,C,C_DONE,141
159539936,2,P,P_REQ,150
159541140,2,P,P_DONE,150
159544005,1,C,C_REQ,-1
159545071,1,C,C_DONE,142
160830950,2,P,P_REQ,151
160832815,2,P,P_DONE,151
160837821,4,P,P_REQ,152
160839009,4,P,P_DONE,152
160841663,2,C,C_REQ,-1
160842693,2,C,C_DONE,143
160874169,3,P,P_REQ,153
160875987,3,P,P_DONE,153
162907648,1,P,P_REQ,154
162915948,0,C,C_REQ,-1
162929281,0,C,C_DONE,144
162936945,1,P,P_DONE,154
162940806,1,P,P_REQ,155
164910222,4,C,C_REQ,-1
164917468,4,C,C_DONE,145
164923776,1,P,P_DONE,155
164923936,0,P,P_REQ,156
164923939,1,C,C_REQ,-1
164950894,1,C,C_DONE,146
164955124,0,P,P_DONE,156
165978387,4,C,C_REQ,-1
165980047,4,C,C_DONE,147
166357417,2,C,C_REQ,-1
166359380,2,C,C_DONE,148
167680666,0,C,C_REQ,-1
167685442,0,C,C_DONE,149
167680664,3,C,C_REQ,-1
167688510,3,C,C_DONE,150
168977181,3,C,C_REQ,-1
168979166,3,C,C_DONE,151
170341260,0,P,P_REQ,157
170343567,0,P,P_DONE,157
170348055,2,P,P_REQ,158
170349368,2,P,P_DONE,158
170352394,3,P,P_REQ,159
170353543,3,P,P_DONE,159
170355730,4,P,P_REQ,160
170357946,4,P,P_DONE,160
171016875,4,C,C_REQ,-1
171018851,4,C,C_DONE,152
171024483,1,P,P_REQ,161
171025765,1,P,P_DONE,161
172312305,4,C,C_REQ,-1
172314166,4,C,C_DONE,153
172319119,1,C,C_REQ,-1
172320444,1,C,C_DONE,154
172755550,0,C,C_REQ,-1
172757541,0,C,C_DONE,155
172762746,3,P,P_REQ,162
172763826,3,P,P_DONE,162
173575986,1,P,P_REQ,163
173577842,1,P,P_DONE,163
173582093,1,C,C_REQ,-1
173583142,1,C,C_DONE,156
173591398,3,C,C_REQ,-1
173593493,3,C,C_DONE,157
173599581,2,C,C_REQ,-1
173600792,2,C,C_DONE,158
173601982,2,C,C_REQ,-1
173602138,2,C,C_DONE,159
174046357,0,C,C_REQ,-1
174048244,0,C,C_DONE,160
174866740,1,P,P_REQ,164
174868617,1,P,P_DONE,164
174870500,1,P,P_REQ,165
174870650,1,P,P_DONE,165
174935791,2,P,P_REQ,166
174936857,2,P,P_DONE,166
174939555,4,P,P_REQ,167
174940504,4,P,P_DONE,167
176135658,1,C,C_REQ,-1
176140208,1,C,C_DONE,161
176136054,2,C,C_REQ,-1
176142596,2,C,C_DONE,162
176148885,0,C,C_REQ,-1
176153990,0,C,C_DONE,163
176148881,2,P,P_REQ,168
176156484,2,P,P_DONE,168
178634710,3,C,C_REQ,-1
178636851,3,C,C_DONE,164
178639325,3,C,C_REQ,-1
178639461,3,C,C_DONE,165
178643420,1,C,C_REQ,-1
178644527,1,C,C_DONE,166
178645385,1,C,C_REQ,-1
178645537,1,C,C_DONE,167
181082165,3,C,C_REQ,-1
181084106,3,C,C_DONE,168
181575583,0,P,P_REQ,169
181578247,0,P,P_DONE,169
181584347,4,C,C_REQ,-1
181585530,4,C,C_DONE,169
181589269,2,C,C_REQ,-1
182433170,1,C,C_REQ,-1
182441116,4,P,P_REQ,170
182454293,4,P,P_DONE,170
182458913,2,C,C_DONE,170
183231151,3,P,P_REQ,171
183241673,3,P,P_DONE,171
183256631,1,C,C_DONE,171
184308294,1,P,P_REQ,172
184310430,1,P,P_DONE,172
184593872,4,P,P_REQ,173
184595512,4,P,P_DONE,173
184872540,3,C,C_REQ,-1
184874769,3,C,C_DONE,172
185599575,1,P,P_REQ,174
185601473,1,P,P_DONE,174
185609713,4,P,P_REQ,175
185610706,4,P,P_DONE,175
186165322,3,C,C_REQ,-1
186167162,3,C,C_DONE,173
186172464,0,C,C_REQ,-1
186173680,0,C,C_DONE,174
186176279,2,C,C_REQ,-1
186177520,2,C,C_DONE,175
186195553,2,P,P_REQ,176
186197740,2,P,P_DONE,176
187876066,4,C,C_REQ,-1
187878072,4,C,C_DONE,176
187888769,4,P,P_REQ,177
187890171,4,P,P_DONE,177
187893189,1,C,C_REQ,-1
187894155,1,C,C_DONE,177
189438722,3,P,P_REQ,178
189440782,3,P,P_DONE,178
190368254,0,P,P_REQ,179
190370309,0,P,P_DONE,179
190379795,1,C,C_REQ,-1
190380888,1,C,C_DONE,178
190381885,1,C,C_REQ,-1
190382024,1,C,C_DONE,179
190736867,3,P,P_REQ,180
190738750,3,P,P_DONE,180
191670483,4,C,C_REQ,-1
191672336,4,C,C_DONE,180
191677193,1,P,P_REQ,181
191678300,1,P,P_DONE,181
191679228,1,P,P_REQ,182
191679378,1,P,P_DONE,182
193738252,2,P,P_REQ,183
193740142,2,P,P_DONE,183
193744972,3,C,C_REQ,-1
193746056,3,C,C_DONE,181
193748356,2,C,C_REQ,-1
193749264,2,C,C_DONE,182
193750195,2,C,C_REQ,-1
193750338,2,C,C_DONE,183
195040689,0,C,C_REQ,-1
197563338,2,C,C_REQ,-1
197568172,1,C,C_REQ,-1
197569581,0,P,P_REQ,184
197571761,4,P,P_REQ,185
197581838,0,P,P_DONE,184
197584662,0,C,C_DONE,184
197587914,4,P,P_DONE,185
197592126,2,C,C_DONE,185
198264070,2,P,P_REQ,186
198270951,2,P,P_DONE,186
198278732,1,C,C_DONE,186
198883706,0,P,P_REQ,187
198894113,0,P,P_DONE,187
198894315,3,P,P_REQ,188
198896118,3,P,P_DONE,188
198883709,4,C,C_REQ,-1
198951912,4,C,C_DONE,187
199616399,2,C,C_REQ,-1
199622786,1,P,P_REQ,190
199616787,4,P,P_REQ,189
199628976,4,P,P_DONE,189
199632783,1,P,P_DONE,190
199624691,2,C,C_DONE,188
202174000,1,P,P_REQ,191
202176361,1,P,P_DONE,191
202534046,3,C,C_REQ,-1
202536244,3,C,C_DONE,189
204670038,4,P,P_REQ,192
204672166,4,P,P_DONE,192
204682052,0,C,C_REQ,-1
204683438,0,C,C_DONE,190
205975084,0,C,C_REQ,-1
205985536,0,C,C_DONE,191
205987557,0,C,C_REQ,-1
205987708,0,C,C_DONE,192
206143529,3,P,P_REQ,193
206145278,3,P,P_DONE,193
206149918,4,C,C_REQ,-1
206151174,4,C,C_DONE,193
206181978,1,C,C_REQ,-1
208423967,2,C,C_REQ,-1
208437250,1,P,P_REQ,194
208441270,1,P,P_DONE,194
208444702,4,C,C_REQ,-1
208445729,4,C,C_DONE,194
208447985,3,C,C_REQ,-1
208451533,2,P,P_REQ,195
208454200,2,P,P_DONE,195
208458564,2,C,C_DONE,195
208467146,0,P,P_REQ,196
208514635,0,P,P_DONE,196
208521658,3,C,C_DONE,196
209744713,2,P,P_REQ,197
209750285,2,P,P_DONE,197
209754894,3,P,P_REQ,198
209755880,3,P,P_DONE,198
209759011,1,C,C_DONE,197
209788664,4,P,P_REQ,199
209790587,4,P,P_DONE,199
210999284,2,C,C_REQ,-1
211001226,2,C,C_DONE,198
211003186,2,C,C_REQ,-1
211003327,2,C,C_DONE,199
211004087,2,C,C_REQ,-1
211027064,0,C,C_REQ,-1
212615455,0,P,P_REQ,200
212621128,0,P,P_DONE,200
212625798,2,C,C_DONE,200
212960290,1,C,C_REQ,-1
213911937,0,P,P_REQ,201
213917297,0,P,P_DONE,201
213922308,0,C,C_DONE,201
214927618,2,C,C_REQ,-1
214935259,4,C,C_REQ,-1
214940963,3,C,C_REQ,-1
216062556,4,P,P_REQ,202
216092331,4,P,P_DONE,202
216107283,1,C,C_DONE,202
216338577,1,P,P_REQ,203
216343567,1,P,P_DONE,203
216348027,2,C,C_DONE,203
217674265,2,P,P_REQ,204
217681687,2,P,P_DONE,204
217692320,4,C,C_DONE,204
219795387,3,P,P_REQ,205
219801060,3,P,P_DONE,205
219807067,3,C,C_DONE,205
219809411,3,C,C_REQ,-1
221135827,2,C,C_REQ,-1
221142630,0,P,P_REQ,206
221146217,0,P,P_DONE,206
221150200,3,C,C_DONE,206
221174169,1,C,C_REQ,-1
222437606,0,P,P_REQ,207
222443224,0,P,P_DONE,207
222447594,3,C,C_REQ,-1
222448657,3,C,C_DONE,207
222733787,1,P,P_REQ,208
222740090,1,P,P_DONE,208
222748699,1,C,C_DONE,208
224884053,4,P,P_REQ,209
224889672,4,P,P_DONE,209
224894367,1,C,C_REQ,-1
224895402,1,C,C_DONE,209
224896395,1,C,C_REQ,-1
224921695,0,P,P_REQ,210
224927397,0,P,P_DONE,210
224929696,0,C,C_REQ,-1
224931883,0,C,C_DONE,210
226242672,0,P,P_REQ,211
226249361,0,P,P_DONE,211
226250631,3,C,C_REQ,-1
226252067,3,P,P_REQ,212
226252463,3,C,C_DONE,211
226263113,4,C,C_REQ,-1
226273899,3,P,P_DONE,212
226283843,4,C,C_DONE,212
226900771,2,P,P_REQ,213
226907050,2,P,P_DONE,213
226911434,2,C,C_DONE,213
227448654,0,P,P_REQ,214
227452278,4,C,C_REQ,-1
227458789,0,P,P_DONE,214
227460716,4,C,C_DONE,214
230279595,1,P,P_REQ,215
230285310,1,P,P_DONE,215
230290777,1,C,C_DONE,215
231155959,4,P,P_REQ,216
231157795,4,P,P_DONE,216
231572796,3,C,C_REQ,-1
231574809,3,C,C_DONE,216
232799130,3,C,C_REQ,-1
232838094,0,C,C_REQ,-1
233120020,2,P,P_REQ,217
233125020,2,P,P_DONE,217
233129472,3,C,C_DONE,217
233370712,4,P,P_REQ,218
233400209,4,P,P_DONE,218
233408116,0,C,C_DONE,218
233410598,0,C,C_REQ,-1
234608371,0,P,P_REQ,219
234614074,0,P,P_DONE,219
234618675,4,C,C_REQ,-1
234619927,4,C,C_DONE,219
235664171,2,P,P_REQ,220
235670498,2,P,P_DONE,220
235676062,0,C,C_DONE,220
237155972,0,P,P_REQ,221
237157841,0,P,P_DONE,221
237162809,3,P,P_REQ,222
237164000,3,P,P_DONE,222
237166796,2,C,C_REQ,-1
237168029,2,C,C_DONE,221
239075887,1,P,P_REQ,223
239078013,1,P,P_DONE,223
239083146,1,C,C_REQ,-1
239084513,1,C,C_DONE,222
240666574,3,C,C_REQ,-1
240668550,3,C,C_DONE,223
240681440,2,P,P_REQ,224
240682648,2,P,P_DONE,224
240683681,2,P,P_REQ,225
240683835,2,P,P_DONE,225
240686056,4,C,C_REQ,-1
240686996,4,C,C_DONE,224
240689402,3,P,P_REQ,226
240690324,3,P,P_DONE,226
240715675,4,P,P_REQ,227
240717666,4,P,P_DONE,227
242197566,0,P,P_REQ,228
242199566,0,P,P_DONE,228
243235350,3,C,C_REQ,-1
243237229,3,C,C_DONE,225
243242246,0,C,C_REQ,-1
243243276,0,C,C_DONE,226
243248280,2,C,C_REQ,-1
243250158,2,C,C_DONE,227
245367847,1,P,P_REQ,229
245369862,1,P,P_DONE,229
245472367,2,C,C_REQ,-1
245474236,2,C,C_DONE,228
246026003,4,C,C_REQ,-1
246027678,4,C,C_DONE,229
246228550,0,P,P_REQ,230
246230243,0,P,P_DONE,230
247541209,0,P,P_REQ,231
247542771,0,P,P_DONE,231
248260146,0,C,C_REQ,-1
248262106,0,C,C_DONE,230
248832220,1,C,C_REQ,-1
248837932,1,C,C_DONE,231
248832224,0,P,P_REQ,232
248840415,0,P,P_DONE,232
248844204,3,P,P_REQ,233
248846191,3,P,P_DONE,233
249567196,4,C,C_REQ,-1
249568962,4,C,C_DONE,232
249983587,0,P,P_REQ,234
249985632,0,P,P_DONE,234
250004957,4,P,P_REQ,235
250007545,4,P,P_DONE,235
251326743,4,P,P_REQ,236
251337772,4,P,P_DONE,236
251340696,2,P,P_REQ,237
251342954,2,P,P_DONE,237
251348777,3,C,C_REQ,-1
251350175,3,C,C_DONE,233
251501422,2,C,C_REQ,-1
251503883,2,C,C_DONE,234
252628003,1,C,C_REQ,-1
252630087,1,C,C_DONE,235
255023101,0,P,P_REQ,238
255025097,0,P,P_DONE,238
255030658,1,P,P_REQ,239
255032200,1,P,P_DONE,239
255035891,2,P,P_REQ,240
255037023,2,P,P_DONE,240
256079209,1,P,P_REQ,241
256081119,1,P,P_DONE,241
257561105,0,P,P_REQ,242
257563011,0,P,P_DONE,242
257568760,0,C,C_REQ,-1
257570054,0,C,C_DONE,236
257881487,4,C,C_REQ,-1
257883105,4,C,C_DONE,237
257885129,4,C,C_REQ,-1
257885307,4,C,C_DONE,238
257888713,3,P,P_REQ,243
257890026,3,P,P_DONE,243
258622979,1,P,P_REQ,244
258624992,1,P,P_DONE,244
258630472,3,C,C_REQ,-1
258631600,3,C,C_DONE,239
259055459,2,C,C_REQ,-1
259057530,2,C,C_DONE,240
261325126,3,P,P_REQ,246
261331023,3,P,P_DONE,246
261325130,2,P,P_REQ,245
261333519,2,P,P_DONE,245
261339810,4,P,P_REQ,247
261341488,1,C,C_REQ,-1
261346005,1,C,C_DONE,241
261341869,4,P,P_DONE,247
262000044,0,P,P_REQ,248
262001688,0,P,P_DONE,248
262547765,3,P,P_REQ,249
262549433,3,P,P_DONE,249
262743880,3,C,C_REQ,-1
262749895,3,C,C_DONE,242
262744986,4,C,C_REQ,-1
262753790,4,C,C_DONE,243
262751776,3,C,C_REQ,-1
262755000,3,C,C_DONE,244
264614506,0,C,C_REQ,-1
264616492,0,C,C_DONE,246
264940430,1,C,C_REQ,-1
264942523,1,C,C_DONE,245
266137719,1,P,P_REQ,250
266140380,1,P,P_DONE,250
267773662,0,C,C_REQ,-1
267775819,0,C,C_DONE,247
268494588,1,C,C_REQ,-1
268496925,1,C,C_DONE,248
268499103,1,C,C_REQ,-1
268499243,1,C,C_DONE,249
268503658,2,P,P_REQ,251
268505247,2,P,P_DONE,251
268509481,2,C,C_REQ,-1
268510665,2,C,C_DONE,250
269935347,1,P,P_REQ,252
269937343,1,P,P_DONE,252
269942902,3,P,P_REQ,253
269944164,3,P,P_DONE,253
270292281,4,C,C_REQ,-1
270294330,4,C,C_DONE,251
270299722,0,C,C_REQ,-1
270300730,0,C,C_DONE,252
271044511,2,P,P_REQ,254
271046419,2,P,P_DONE,254
271051367,2,C,C_REQ,-1
271052378,2,C,C_DONE,253
271388723,4,P,P_REQ,255
271391052,4,P,P_DONE,255
271396645,3,C,C_REQ,-1
271397962,3,C,C_DONE,254
271399307,3,C,C_REQ,-1
271399449,3,C,C_DONE,255
271401883,0,P,P_REQ,256
271460250,0,P,P_DONE,256
273590956,2,C,C_REQ,-1
273592904,2,C,C_DONE,256
276084817,2,P,P_REQ,257
276086702,2,P,P_DONE,257
276088551,2,P,P_REQ,258
276088704,2,P,P_DONE,258
276234631,3,P,P_REQ,259
276236643,3,P,P_DONE,259
276431368,4,P,P_REQ,260
276433409,4,P,P_DONE,260
277321145,3,P,P_REQ,261
277323071,3,P,P_DONE,261
277327952,1,P,P_REQ,262
277328988,1,P,P_DONE,262
277557009,1,C,C_REQ,-1
277559330,1,C,C_DONE,257
278573929,0,C,C_REQ,-1
278575816,0,C,C_DONE,258
278578084,0,P,P_REQ,263
278579916,0,P,P_DONE,263
278581926,0,P,P_REQ,264
278582104,0,P,P_DONE,264
278681608,2,C,C_REQ,-1
278683189,2,C,C_DONE,259
279870635,0,P,P_REQ,265
279872498,0,P,P_DONE,265
279877943,3,C,C_REQ,-1
279879354,3,C,C_DONE,260
281094527,3,C,C_REQ,-1
281096363,3,C,C_DONE,261
281175402,2,P,P_REQ,266
281177146,2,P,P_DONE,266
281580057,4,C,C_REQ,-1
281582300,4,C,C_DONE,262
281584462,4,C,C_REQ,-1
281584628,4,C,C_DONE,263
282363215,0,C,C_REQ,-1
282365209,0,C,C_DONE,264
282370540,1,C,C_REQ,-1
282371792,1,C,C_DONE,265
287817999,0,P,P_REQ,267
287821364,3,P,P_REQ,269
288388381,3,P,P_DONE,269
287822216,1,P,P_REQ,270
288415361,1,P,P_DONE,270
287823891,2,C,C_REQ,-1
287826355,0,P,P_DONE,267
288436150,2,C,C_DONE,266
287818599,4,P,P_REQ,268
288441660,4,P,P_DONE,268
287834206,1,C,C_REQ,-1
288443487,1,C,C_DONE,267
288468085,3,C,C_REQ,-1
288469970,3,C,C_DONE,269
289504820,3,P,P_REQ,271
289506717,3,P,P_DONE,271
290940960,0,P,P_REQ,272
290943389,0,P,P_DONE,272
290945670,0,P,P_REQ,273
290945812,0,P,P_DONE,273
291623859,4,C,C_REQ,-1
291626048,4,C,C_DONE,270
292208898,1,P,P_REQ,274
292211034,1,P,P_DONE,274
292216252,2,P,P_REQ,275
292217724,2,P,P_DONE,275
292402802,0,C,C_REQ,-1
292405121,0,C,C_DONE,268
294168901,4,C,C_REQ,-1
294170900,4,C,C_DONE,271
294727912,2,C,C_REQ,-1
294729885,2,C,C_DONE,272
294732037,2,C,C_REQ,-1
294732178,2,C,C_DONE,273
295933465,3,P,P_REQ,276
295935381,3,P,P_DONE,276
297231363,4,P,P_REQ,277
297233353,4,P,P_DONE,277
297829406,0,P,P_REQ,278
297834405,0,P,P_DONE,278
297829408,3,C,C_REQ,-1
297837016,3,C,C_DONE,274
298260679,0,C,C_REQ,-1
298262600,0,C,C_DONE,275
298274056,1,C,C_REQ,-1
298275939,1,C,C_DONE,276
299230622,1,P,P_REQ,279
299232658,1,P,P_DONE,279
300783079,2,P,P_REQ,280
300785267,2,P,P_DONE,280
300791151,2,C,C_REQ,-1
300792533,2,C,C_DONE,277
302959958,4,C,C_REQ,-1
302961986,4,C,C_DONE,278
304126382,3,C,C_REQ,-1
304128555,3,C,C_DONE,279
304580187,2,P,P_REQ,281
304582108,2,P,P_DONE,281
304587672,3,P,P_REQ,282
304589226,3,P,P_DONE,282
305500943,4,C,C_REQ,-1
305502896,4,C,C_DONE,280
306101170,4,P,P_REQ,283
306104137,4,P,P_DONE,283
306119254,1,C,C_REQ,-1
306121370,1,C,C_DONE,281
307120314,2,P,P_REQ,284
307122156,2,P,P_DONE,284
307871276,0,P,P_REQ,285
307873366,0,P,P_DONE,285
307886189,3,C,C_REQ,-1
307887321,3,C,C_DONE,282
307890158,1,P,P_REQ,286
307891287,1,P,P_DONE,286
307893597,4,C,C_REQ,-1
307894500,4,C,C_DONE,283
307919706,0,C,C_REQ,-1
307921793,0,C,C_DONE,284
309210147,0,C,C_REQ,-1
309211989,0,C,C_DONE,285
309629005,3,P,P_REQ,287
309630910,3,P,P_DONE,287
309635601,2,P,P_REQ,288
309636548,2,P,P_DONE,288
310926674,2,P,P_REQ,289
310928489,2,P,P_DONE,289
310933424,2,C,C_REQ,-1
310934558,2,C,C_DONE,286
310935544,2,C,C_REQ,-1
310935699,2,C,C_DONE,287
310955944,3,C,C_REQ,-1
310957881,3,C,C_DONE,288
314182924,4,C,C_REQ,-1
314185144,4,C,C_DONE,289
314611273,4,P,P_REQ,290
314613660,4,P,P_DONE,290
315911982,4,P,P_REQ,291
315917359,4,P,P_DONE,291
315913472,2,P,P_REQ,293
315912479,1,P,P_REQ,292
315929635,1,P,P_DONE,292
315922181,2,P,P_DONE,293
316344074,4,C,C_REQ,-1
316345682,4,C,C_DONE,290
316349502,3,P,P_REQ,294
316350746,3,P,P_DONE,294
316353365,1,C,C_REQ,-1
316354653,1,C,C_DONE,291
317216882,1,P,P_REQ,295
317219081,1,P,P_DONE,295
317221180,1,P,P_REQ,296
317221319,1,P,P_DONE,296
317479489,0,C,C_REQ,-1
317481542,0,C,C_DONE,293
318835745,0,C,C_REQ,-1
318837790,0,C,C_DONE,292
318869013,1,C,C_REQ,-1
318882630,0,P,P_REQ,297
318888151,0,P,P_DONE,297
318882634,1,C,C_DONE,294
318890248,0,P,P_REQ,298
318890445,0,P,P_DONE,298
318891395,0,P,P_REQ,299
318891551,0,P,P_DONE,299
318896276,3,C,C_REQ,-1
318898817,3,C,C_DONE,295
318905374,2,C,C_REQ,-1
318906590,2,C,C_DONE,296
321384516,4,C,C_REQ,-1
321395945,4,C,C_DONE,297
321401432,3,P,P_REQ,300
321402577,3,P,P_DONE,300
321446034,2,C,C_REQ,-1
321447897,2,C,C_DONE,298
322225509,2,P,P_REQ,301
322227550,2,P,P_DONE,301
322773312,1,P,P_REQ,302
322775229,1,P,P_DONE,302
322777205,1,P,P_REQ,303
322777345,1,P,P_DONE,303
322778124,1,P,P_REQ,304
322778305,1,P,P_DONE,304
323968631,3,P,P_REQ,305
323970529,3,P,P_DONE,305
323972516,3,P,P_REQ,306
323972662,3,P,P_DONE,306
323972717,0,C,C_REQ,-1
323974351,0,C,C_DONE,299
325960582,4,P,P_REQ,307
325962822,4,P,P_DONE,307
325972402,3,C,C_REQ,-1
325973445,3,C,C_DONE,300
326006070,3,P,P_REQ,308
326008030,3,P,P_DONE,308
328503593,4,P,P_REQ,309
328505547,4,P,P_DONE,309
329717489,0,P,P_REQ,310
329719899,0,P,P_DONE,310
329725243,2,P,P_REQ,311
329730880,1,C,C_REQ,-1
329744801,4,C,C_REQ,-1
329748347,3,C,C_REQ,-1
329750070,3,C,C_DONE,302
329755437,2,P,P_DONE,311
329755447,2,C,C_REQ,-1
329760611,4,C,C_DONE,303
329765433,2,C,C_DONE,304
329756180,1,C,C_DONE,301
330352204,3,P,P_REQ,312
330353646,3,P,P_DONE,312
330835252,4,P,P_REQ,313
330837037,4,P,P_DONE,313
332307607,1,C,C_REQ,-1
332310598,1,C,C_DONE,305
332316983,0,C,C_REQ,-1
332318310,0,C,C_DONE,306
332755766,0,P,P_REQ,314
332757628,0,P,P_DONE,314
332911857,4,C,C_REQ,-1
332913723,4,C,C_DONE,307
332915740,4,C,C_REQ,-1
332915918,4,C,C_DONE,308
333335282,1,C,C_REQ,-1
333337232,1,C,C_DONE,309
333358051,1,P,P_REQ,315
333360183,1,P,P_DONE,315
337134354,1,C,C_REQ,-1
337136550,1,C,C_DONE,310
337141297,3,C,C_REQ,-1
337147233,3,C,C_DONE,311
337142282,2,P,P_REQ,316
337150111,2,P,P_DONE,316
338399493,1,P,P_REQ,317
338401455,1,P,P_DONE,317
339143417,3,P,P_REQ,318
339145523,3,P,P_DONE,318
339452789,1,P,P_REQ,319
339454351,1,P,P_DONE,319
339458599,0,C,C_REQ,-1
339459858,0,C,C_DONE,312
341058660,2,C,C_REQ,-1
341060796,2,C,C_DONE,313
341070685,4,P,P_REQ,320
341072041,4,P,P_DONE,320
342187899,3,C,C_REQ,-1
342189803,3,C,C_DONE,314
342194611,2,P,P_REQ,321
342195854,2,P,P_DONE,321
342198459,4,C,C_REQ,-1
342199434,4,C,C_DONE,315
342231220,0,P,P_REQ,322
342233333,0,P,P_DONE,322
344185601,3,P,P_REQ,323
344187715,3,P,P_DONE,323
344495669,1,C,C_REQ,-1
344513448,1,P,P_REQ,324
344515241,1,P,P_DONE,324
344516627,1,C,C_DONE,316
344505989,2,C,C_REQ,-1
344525043,2,C,C_DONE,317
345350106,3,C,C_REQ,-1
345351946,3,C,C_DONE,318
345356553,4,C,C_REQ,-1
345358126,4,C,C_DONE,319
347067672,2,C,C_REQ,-1
347069654,2,C,C_DONE,320
347074844,4,P,P_REQ,325
347076083,4,P,P_DONE,325
347808392,1,P,P_REQ,326
347810385,1,P,P_DONE,326
349141451,1,C,C_REQ,-1
349146911,1,C,C_DONE,321
349141449,3,C,C_REQ,-1
349150008,3,C,C_DONE,322
349153739,0,C,C_REQ,-1
349155890,0,C,C_DONE,323
349427544,0,P,P_REQ,327
349429874,0,P,P_DONE,327
350797530,4,C,C_REQ,-1
350799633,4,C,C_DONE,324
350979587,3,P,P_REQ,328
350981537,3,P,P_DONE,328
352143975,4,P,P_REQ,329
352146308,4,P,P_DONE,329
352152032,2,P,P_REQ,330
352153254,2,P,P_DONE,330
353434692,4,P,P_REQ,331
353436543,4,P,P_DONE,331
355862795,2,C,C_REQ,-1
355864970,2,C,C_DONE,325
355944278,2,P,P_REQ,332
355946222,2,P,P_DONE,332
356043833,1,P,P_REQ,333
356045994,1,P,P_DONE,333
356048140,1,P,P_REQ,334
356048334,1,P,P_DONE,334
356052167,1,C,C_REQ,-1
356053306,1,C,C_DONE,326
356083858,0,P,P_REQ,335
356086086,0,P,P_DONE,335
357680168,3,P,P_REQ,336
357682177,3,P,P_DONE,336
359193947,0,C,C_REQ,-1
359196133,0,C,C_DONE,327
359736502,2,P,P_REQ,337
359738466,2,P,P_DONE,337
360441264,3,C,C_REQ,-1
360443390,3,C,C_DONE,328
360445537,3,C,C_REQ,-1
360445680,3,C,C_DONE,329
360453729,4,P,P_REQ,338
360454844,4,P,P_DONE,338
361084867,1,P,P_REQ,339
361087149,1,P,P_DONE,339
361096281,4,C,C_REQ,-1
361098191,4,C,C_DONE,330
362338821,1,C,C_REQ,-1
362340837,1,C,C_DONE,331
362342882,1,C,C_REQ,-1
362343021,1,C,C_DONE,332
362352519,2,C,C_REQ,-1
362353557,2,C,C_DONE,333
362377663,0,P,P_REQ,340
362379776,0,P,P_DONE,340
364925993,3,C,C_REQ,-1
364928240,3,C,C_DONE,334
364933992,4,P,P_REQ,341
364935233,4,P,P_DONE,341
366103172,1,C,C_REQ,-1
366105376,1,C,C_DONE,335
366107052,0,C,C_REQ,-1
366108817,0,C,C_DONE,336
367395030,1,C,C_REQ,-1
367396918,1,C,C_DONE,337
367550287,0,P,P_REQ,342
367552559,0,P,P_DONE,342
367581442,4,C,C_REQ,-1
367583418,4,C,C_DONE,338
367589862,2,C,C_REQ,-1
367591090,2,C,C_DONE,339
367606030,3,P,P_REQ,343
367608195,3,P,P_DONE,343
368898383,3,P,P_REQ,344
368900219,3,P,P_DONE,344
369936638,1,C,C_REQ,-1
369938631,1,C,C_DONE,340
369983588,2,P,P_REQ,345
369985904,2,P,P_DONE,345
371168940,1,P,P_REQ,346
371171155,1,P,P_DONE,346
371193840,3,P,P_REQ,347
371195705,3,P,P_DONE,347
372783938,0,P,P_REQ,348
372785884,0,P,P_DONE,348
373667756,0,C,C_REQ,-1
373669948,0,C,C_DONE,341
374976012,4,P,P_REQ,349
374978187,4,P,P_DONE,349
374983147,2,P,P_REQ,350
374984307,2,P,P_DONE,350
374987010,3,C,C_REQ,-1
374988287,3,C,C_DONE,342
374989378,3,C,C_REQ,-1
374989516,3,C,C_DONE,343
376187020,4,C,C_REQ,-1
376188632,4,C,C_DONE,344
376193558,2,C,C_REQ,-1
376194576,2,C,C_DONE,345
376232779,3,P,P_REQ,351
376234747,3,P,P_DONE,351
377825801,0,P,P_REQ,352
377827661,0,P,P_DONE,352
378724273,1,C,C_REQ,-1
378726293,1,C,C_DONE,346
379758852,0,C,C_REQ,-1
379760860,0,C,C_DONE,347
380012407,4,P,P_REQ,353
380014222,4,P,P_DONE,353
380018797,2,P,P_REQ,354
380020999,2,P,P_DONE,354
381090246,2,P,P_REQ,355
381092385,2,P,P_DONE,355
382381559,2,P,P_REQ,356
382386764,2,P,P_DONE,356
382381555,1,P,P_REQ,357
382389302,1,P,P_DONE,357
382393228,4,P,P_REQ,358
382394742,4,C,C_REQ,-1
382393915,2,C,C_REQ,-1
382408591,4,C,C_DONE,348
382412326,2,C,C_DONE,349
382413101,4,P,P_DONE,358
382394738,3,P,P_REQ,359
382418597,3,P,P_DONE,359
382900223,0,P,P_REQ,360
383428057,2,C,C_REQ,-1
383434186,2,C,C_DONE,350
383436025,2,P,P_REQ,361
383439728,0,P,P_DONE,360
383436425,2,C,C_REQ,-1
383451251,2,C,C_DONE,351
383458988,2,P,P_DONE,361
384682148,0,P,P_REQ,362
384698327,1,C,C_REQ,-1
384700189,3,C,C_REQ,-1
384703199,2,P,P_REQ,363
384712353,1,C,C_DONE,352
384722030,0,P,P_DONE,362
384726557,3,C,C_DONE,353
384731613,2,P,P_DONE,363
386204709,4,P,P_REQ,364
386594503,2,C,C_REQ,-1
386599432,3,P,P_REQ,365
386604226,2,C,C_DONE,354
386605833,3,P,P_DONE,365
386607698,3,P,P_REQ,366
388697245,4,C,C_REQ,-1
388703567,4,C,C_DONE,355
388708842,4,P,P_DONE,364
389426817,0,C,C_REQ,-1
389433360,0,C,C_DONE,356
389440942,3,P,P_DONE,366
389453588,2,P,P_REQ,367
389458986,1,P,P_REQ,368
390392841,2,C,C_REQ,-1
390404996,2,C,C_DONE,357
390410097,2,P,P_DONE,367
391023801,3,C,C_REQ,-1
391025080,0,P,P_REQ,369
391038099,3,C,C_DONE,358
391038842,1,P,P_DONE,368
391972101,0,C,C_REQ,-1
391977361,0,C,C_DONE,359
391982505,0,P,P_DONE,369
392014097,4,P,P_REQ,370
394749172,1,C,C_REQ,-1
394755468,1,C,C_DONE,360
394761172,4,P,P_DONE,370
395732512,3,P,P_REQ,371
396051756,4,P,P_REQ,372
397747199,2,C,C_REQ,-1
397753868,2,C,C_DONE,361
397759215,2,P,P_REQ,373
397759729,3,P,P_DONE,371
397771983,3,P,P_REQ,374
398268023,4,C,C_REQ,-1
398274682,4,C,C_DONE,362
398280954,4,P,P_DONE,372
398284271,4,P,P_REQ,375
398576293,3,C,C_REQ,-1
398582634,3,C,C_DONE,363
398590444,0,P,P_REQ,376
398592658,0,P,P_DONE,376
399386013,1,P,P_REQ,377
400667987,0,C,C_REQ,-1
400673844,0,C,C_DONE,365
400675490,0,C,C_REQ,-1
400677175,0,C,C_DONE,364
400680803,3,P,P_DONE,374
400687107,4,P,P_DONE,375
401969543,3,P,P_REQ,378
401988027,3,C,C_REQ,-1
401994358,3,C,C_DONE,366
402000810,2,P,P_DONE,373
402032591,4,C,C_REQ,-1
402038756,4,C,C_DONE,367
402044007,1,P,P_DONE,377
403333864,1,P,P_REQ,379
404798770,1,C,C_REQ,-1
404806070,1,C,C_DONE,368
404811688,3,P,P_DONE,378
406104724,0,P,P_REQ,380
406112353,4,C,C_REQ,-1
406116114,4,C,C_DONE,369
406120574,1,P,P_DONE,379
406135331,2,P,P_REQ,381
406136496,3,C,C_REQ,-1
406142193,3,C,C_DONE,370
406143980,3,C,C_REQ,-1
406145283,3,C,C_DONE,371
406149624,0,P,P_DONE,380
406153801,2,P,P_DONE,381
406963695,0,C,C_REQ,-1
406966250,0,C,C_DONE,372
406977411,3,P,P_REQ,382
406978506,3,P,P_DONE,382
406981276,2,C,C_REQ,-1
406982534,2,C,C_DONE,376
409506506,0,C,C_REQ,-1
409508400,0,C,C_DONE,374
410728647,4,P,P_REQ,383
410730514,4,P,P_DONE,383
410770282,3,P,P_REQ,384
410772145,3,P,P_DONE,384
410777060,1,C,C_REQ,-1
410778182,1,C,C_DONE,375
410780514,2,P,P_REQ,385
410781476,2,P,P_DONE,385
412061577,3,P,P_REQ,386
412068820,0,P,P_REQ,387
413298702,0,C,C_REQ,-1
413303977,0,C,C_DONE,373
413328297,3,P,P_DONE,386
414440374,0,C,C_REQ,-1
414446852,0,C,C_DONE,377
414473223,0,P,P_DONE,387
414477790,0,P,P_REQ,388
414511814,4,C,C_REQ,-1
414518208,4,C,C_DONE,378
414525286,0,P,P_DONE,388
414922401,1,C,C_REQ,-1
414930636,1,C,C_DONE,379
416060918,3,C,C_REQ,-1
416063172,3,C,C_DONE,380
416187377,1,P,P_REQ,389
416189684,1,P,P_DONE,389
416637472,2,C,C_REQ,-1
416639978,2,C,C_DONE,381
416642651,2,C,C_REQ,-1
416642832,2,C,C_DONE,382
416835836,2,P,P_REQ,390
416838017,2,P,P_DONE,390
420305367,0,C,C_REQ,-1
420307711,0,C,C_DONE,383
420313665,4,P,P_REQ,391
420315368,4,P,P_DONE,391
420333006,1,C,C_REQ,-1
420334231,1,C,C_DONE,384
422122466,3,P,P_REQ,392
422124621,3,P,P_DONE,392
422805688,0,P,P_REQ,393
422807364,0,P,P_DONE,393
423883431,0,C,C_REQ,-1
423885367,0,C,C_DONE,385
424664711,3,P,P_REQ,394
424666597,3,P,P_DONE,394
424742412,3,C,C_REQ,-1
424744608,3,C,C_DONE,386
424746750,3,C,C_REQ,-1
424746897,3,C,C_DONE,387
424750836,1,P,P_REQ,395
424752139,1,P,P_DONE,395
424755160,4,C,C_REQ,-1
424756281,4,C,C_DONE,388
424759023,2,C,C_REQ,-1
424760219,2,C,C_DONE,389
426428802,0,C,C_REQ,-1
426430699,0,C,C_DONE,390
426435695,1,C,C_REQ,-1
426436800,1,C,C_DONE,391
427291862,1,P,P_REQ,396
427293777,1,P,P_DONE,396
427298751,4,C,C_REQ,-1
427299813,4,C,C_DONE,392
427748766,0,C,C_REQ,-1
427750676,0,C,C_DONE,393
427756553,4,P,P_REQ,397
427758329,4,P,P_DONE,397
428127601,2,P,P_REQ,398
428129928,2,P,P_DONE,398
429779056,0,P,P_REQ,399
429781007,0,P,P_DONE,399
429786256,2,C,C_REQ,-1
429787423,2,C,C_DONE,394
430964152,0,P,P_REQ,400
430965798,0,P,P_DONE,400
430967423,0,P,P_REQ,401
430967565,0,P,P_DONE,401
431575016,3,P,P_REQ,402
431580277,3,P,P_DONE,402
431575374,1,P,P_REQ,403
431583681,1,P,P_DONE,403
431590182,4,C,C_REQ,-1
431591569,4,C,C_DONE,395
431595229,1,C,C_REQ,-1
431596849,1,C,C_DONE,396
432763205,0,C,C_REQ,-1
432765565,0,C,C_DONE,397
433136161,4,P,P_REQ,404
433138028,4,P,P_DONE,404
433139802,4,P,P_REQ,405
433139950,4,P,P_DONE,405
434242472,3,C,C_REQ,-1
434245269,3,C,C_DONE,398
434824298,2,C,C_REQ,-1
434826435,2,C,C_DONE,399
435238372,2,P,P_REQ,406
435240523,2,P,P_DONE,406
435534108,3,C,C_REQ,-1
435536000,3,C,C_DONE,400
437829192,0,C,C_REQ,-1
437831243,0,C,C_DONE,401
438179141,4,P,P_REQ,407
438181128,4,P,P_DONE,407
439137847,1,C,C_REQ,-1
439140294,1,C,C_DONE,402
439155672,2,C,C_REQ,-1
439156705,2,C,C_DONE,403
439403525,0,P,P_REQ,408
439405941,0,P,P_DONE,408
439411810,3,P,P_REQ,409
439412998,3,P,P_DONE,409
439416889,1,P,P_REQ,410
439419030,1,P,P_DONE,410
440734073,4,P,P_REQ,411
440736036,4,P,P_DONE,411
441691253,1,C,C_REQ,-1
441693173,1,C,C_DONE,404
441698092,2,C,C_REQ,-1
441699043,2,C,C_DONE,405
441701175,0,P,P_REQ,412
441702186,0,P,P_DONE,412
441704324,3,C,C_REQ,-1
441705210,3,C,C_DONE,406
441706057,3,C,C_REQ,-1
441706205,3,C,C_DONE,407
442026614,4,P,P_REQ,413
442028828,4,P,P_DONE,413
442033949,0,C,C_REQ,-1
442035120,0,C,C_DONE,408
442880871,4,C,C_REQ,-1
442883306,4,C,C_DONE,409
442995314,3,C,C_REQ,-1
442997197,3,C,C_DONE,410
443210087,1,P,P_REQ,414
443211961,1,P,P_DONE,414
443319867,4,P,P_REQ,415
443321787,4,P,P_DONE,415
443324009,4,P,P_REQ,416
443324158,4,P,P_DONE,416
443327877,2,P,P_REQ,417
443328968,2,P,P_DONE,417
444243050,0,P,P_REQ,418
444244953,0,P,P_DONE,418
444249647,3,C,C_REQ,-1
444250675,3,C,C_DONE,411
444252937,0,C,C_REQ,-1
444253861,0,C,C_DONE,412
445275998,0,C,C_REQ,-1
445277930,0,C,C_DONE,413
445279909,0,C,C_REQ,-1
445280050,0,C,C_DONE,414
446740453,2,C,C_REQ,-1
446742411,2,C,C_DONE,415
446747193,1,C,C_REQ,-1
446748396,1,C,C_DONE,416
446751188,3,P,P_REQ,419
446752271,3,P,P_DONE,419
446753368,3,P,P_REQ,420
446753510,3,P,P_DONE,420
447948820,1,C,C_REQ,-1
447950739,1,C,C_DONE,417
449281744,3,P,P_REQ,421
449286961,3,P,P_DONE,421
449281748,2,C,C_REQ,-1
449290011,2,C,C_DONE,418
449293274,2,P,P_REQ,422
449295430,2,P,P_DONE,422
449539272,4,P,P_REQ,423
449541508,4,P,P_DONE,423
450891979,3,C,C_REQ,-1
450894373,3,C,C_DONE,419
451834701,2,P,P_REQ,424
451836789,2,P,P_DONE,424
452186732,3,C,C_REQ,-1
452188584,3,C,C_DONE,420
452193533,4,C,C_REQ,-1
452194872,4,C,C_DONE,421
452197748,1,C,C_REQ,-1
452198739,1,C,C_DONE,422
452229211,1,P,P_REQ,425
452231408,1,P,P_DONE,425
453488545,1,C,C_REQ,-1
453490435,1,C,C_DONE,423
453495750,0,P,P_REQ,426
453497117,0,P,P_DONE,426
453499960,2,C,C_REQ,-1
453501124,2,C,C_DONE,424
454580120,4,P,P_REQ,427
454582057,4,P,P_DONE,427
455578124,3,P,P_REQ,428
455589530,3,P,P_DONE,428
456093366,0,C,C_REQ,-1
456095498,0,C,C_DONE,425
457234968,4,C,C_REQ,-1
457236904,4,C,C_DONE,426
457241859,1,P,P_REQ,429
457243046,1,P,P_DONE,429
457245486,0,P,P_REQ,430
457246443,0,P,P_DONE,430
457247306,0,P,P_REQ,431
457247445,0,P,P_DONE,431
457249631,3,C,C_REQ,-1
457250546,3,C,C_DONE,427
458719397,2,P,P_REQ,432
458721457,2,P,P_DONE,432
458725430,4,P,P_REQ,433
458726385,4,P,P_DONE,433
459835817,0,C,C_REQ,-1
459837644,0,C,C_DONE,428
460620442,0,P,P_REQ,434
460624470,0,P,P_DONE,434
460621377,3,C,C_REQ,-1
461747547,3,C,C_DONE,429
460645198,2,C,C_REQ,-1
464390807,2,C,C_DONE,430
464748267,1,C,C_REQ,-1
464750445,1,C,C_DONE,431
464752980,1,C,C_REQ,-1
464753214,1,C,C_DONE,432
464755056,4,P,P_REQ,435
464757166,4,P,P_DONE,435
464765519,4,C,C_REQ,-1
464767111,4,C,C_DONE,433
464798053,0,C,C_REQ,-1
464799631,0,C,C_DONE,434
464801993,0,C,C_REQ,-1
464802149,0,C,C_DONE,435
464848908,3,P,P_REQ,436
464850763,3,P,P_DONE,436
466144483,1,P,P_REQ,437
466149730,1,P,P_DONE,437
466144543,0,P,P_REQ,438
466152970,0,P,P_DONE,438
466155209,0,P,P_REQ,439
466155416,0,P,P_DONE,439
467290382,1,C,C_REQ,-1
467292584,1,C,C_DONE,436
467298536,0,P,P_REQ,440
467299753,0,P,P_DONE,440
468584715,1,C,C_REQ,-1
468586580,1,C,C_DONE,437
468592061,2,P,P_REQ,441
468593543,2,P,P_DONE,441
469877099,1,C,C_REQ,-1
469879009,1,C,C_DONE,438
469884037,3,P,P_REQ,442
469885370,3,P,P_DONE,442
469888101,1,P,P_REQ,443
469889166,1,P,P_DONE,443
471206580,1,P,P_REQ,444
471208547,1,P,P_DONE,444
471214452,3,C,C_REQ,-1
471215780,3,C,C_DONE,439
471934900,2,C,C_REQ,-1
471936995,2,C,C_DONE,440
473426197,0,P,P_REQ,445
473428102,0,P,P_DONE,445
473431956,2,P,P_REQ,446
473432938,2,P,P_DONE,446
473435093,3,P,P_REQ,447
473436030,3,P,P_DONE,447
473438317,3,C,C_REQ,-1
473439449,3,C,C_DONE,441
473442193,4,C,C_REQ,-1
473443315,4,C,C_DONE,442
473444800,4,P,P_REQ,448
473447115,4,P,P_DONE,448
474735874,4,P,P_REQ,449
474737736,4,P,P_DONE,449
474917902,1,C,C_REQ,-1
474919972,1,C,C_DONE,443
474922608,1,C,C_REQ,-1
474922749,1,C,C_DONE,444
474927321,0,C,C_REQ,-1
474929444,0,C,C_DONE,445
475727389,2,C,C_REQ,-1
475738312,2,C,C_DONE,446
475743328,1,P,P_REQ,450
475744455,1,P,P_DONE,450
478282928,1,P,P_REQ,451
478284795,1,P,P_DONE,451
478289597,0,P,P_REQ,452
478290631,0,P,P_DONE,452
478292955,1,C,C_REQ,-1
478293965,1,C,C_DONE,447
478294918,1,C,C_REQ,-1
478295069,1,C,C_DONE,448
478768509,3,P,P_REQ,453
478770432,3,P,P_DONE,453
478775569,3,C,C_REQ,-1
478776676,3,C,C_DONE,449
479957003,3,P,P_REQ,454
479958724,3,P,P_DONE,454
479963198,4,P,P_REQ,455
479964265,4,P,P_DONE,455
479965270,4,P,P_REQ,456
479965410,4,P,P_DONE,456
481570125,0,C,C_REQ,-1
481572284,0,C,C_DONE,450
482678820,1,C,C_REQ,-1
482681007,1,C,C_DONE,451
484690414,2,P,P_REQ,457
484705580,2,P,P_DONE,457
484713702,4,C,C_REQ,-1
484715231,4,C,C_DONE,452
484719105,0,P,P_REQ,458
484735562,0,P,P_DONE,458
485062472,3,P,P_REQ,459
485064190,3,P,P_DONE,459
485068090,3,C,C_REQ,-1
485069353,3,C,C_DONE,453
485072222,2,C,C_REQ,-1
485073461,2,C,C_DONE,454
487504836,4,P,P_REQ,460
487506992,4,P,P_DONE,460
487511954,3,P,P_REQ,461
487512936,3,P,P_DONE,461
487515228,3,C,C_REQ,-1
487516230,3,C,C_DONE,455
489423976,1,P,P_REQ,462
489426388,1,P,P_DONE,462
489746851,2,P,P_REQ,463
489748770,2,P,P_DONE,463
489753753,4,C,C_REQ,-1
489754940,4,C,C_DONE,456
489762655,3,P,P_REQ,464
489763642,3,P,P_DONE,464
489765791,0,P,P_REQ,465
489766781,0,P,P_DONE,465
489767776,0,P,P_REQ,466
489767917,0,P,P_DONE,466
491045265,4,C,C_REQ,-1
491047124,4,C,C_DONE,457
491051693,3,C,C_REQ,-1
491052648,3,C,C_DONE,458
491055193,1,C,C_REQ,-1
491056468,1,C,C_DONE,459
491057482,1,C,C_REQ,-1
491057620,1,C,C_DONE,460
491226145,0,C,C_REQ,-1
491227888,0,C,C_DONE,461
493216432,1,P,P_REQ,467
493218465,1,P,P_DONE,467
493558724,0,P,P_REQ,468
493560769,0,P,P_DONE,468
493565699,3,C,C_REQ,-1
493566739,3,C,C_DONE,462
493569114,4,P,P_REQ,469
493570033,4,P,P_DONE,469
494836798,4,C,C_REQ,-1
494838672,4,C,C_DONE,463
494843435,2,C,C_REQ,-1
494844445,2,C,C_DONE,464
496098726,4,P,P_REQ,470
496100680,4,P,P_DONE,470
496105970,2,P,P_REQ,471
496106982,2,P,P_DONE,471
496108177,2,P,P_REQ,472
496108331,2,P,P_DONE,472
497400123,2,P,P_REQ,473
497402162,2,P,P_DONE,473
498235002,3,P,P_REQ,474
498237233,3,P,P_DONE,474
498243021,1,C,C_REQ,-1
498244526,1,C,C_DONE,465
498247830,0,P,P_REQ,475
498250167,0,P,P_DONE,475
499196362,0,C,C_REQ,-1
499198838,0,C,C_DONE,466
500702394,1,C,C_REQ,-1
500705334,1,C,C_DONE,467
500714703,2,C,C_REQ,-1
500716934,2,C,C_DONE,468
500719178,2,C,C_REQ,-1
500719334,2,C,C_DONE,469
502393060,4,P,P_REQ,476
502395610,4,P,P_DONE,476
502401258,0,C,C_REQ,-1
502402468,0,C,C_DONE,470
502405238,1,P,P_REQ,477
502406485,1,P,P_DONE,477
503716869,3,C,C_REQ,-1
503719098,3,C,C_DONE,471
503723669,4,C,C_REQ,-1
503724888,4,C,C_DONE,472
504948341,1,P,P_REQ,478
504950216,1,P,P_DONE,478
504975580,2,C,C_REQ,-1
504977811,2,C,C_DONE,473
504977820,3,P,P_REQ,479
504979992,3,P,P_DONE,479
504982003,3,P,P_REQ,480
504982143,3,P,P_DONE,480
506065759,2,P,P_REQ,481
506068134,2,P,P_DONE,481
506074249,0,P,P_REQ,482
506075411,0,P,P_DONE,482
507364542,0,P,P_REQ,483
507366562,0,P,P_DONE,483
507377803,0,C,C_REQ,-1
507378956,0,C,C_DONE,474
507381686,3,P,P_REQ,484
507382635,3,P,P_DONE,484
508688000,4,P,P_REQ,485
510014996,3,C,C_REQ,-1
510021017,3,C,C_DONE,475
510026252,4,P,P_DONE,485
510062336,1,C,C_REQ,-1
510064249,1,C,C_DONE,476
512051597,2,C,C_REQ,-1
512053623,2,C,C_DONE,477
512415937,0,C,C_REQ,-1
512417817,0,C,C_DONE,478
512422982,4,C,C_REQ,-1
512424107,4,C,C_DONE,479
514480519,2,P,P_REQ,486
514482808,2,P,P_DONE,486
514916356,3,P,P_REQ,487
514918284,3,P,P_DONE,487
514920421,3,P,P_REQ,488
514920563,3,P,P_DONE,488
516174358,3,P,P_REQ,489
516176182,3,P,P_DONE,489
516181354,1,P,P_REQ,490
516188263,3,C,C_REQ,-1
516194744,1,C,C_REQ,-1
516211261,3,C,C_DONE,480
516219033,1,C,C_DONE,481
516224935,1,P,P_DONE,490
516227036,1,P,P_REQ,491
516227295,1,P,P_DONE,491
517442766,1,C,C_REQ,-1
517444475,1,C,C_DONE,482
517455149,2,C,C_REQ,-1
517457611,2,C,C_DONE,483
517458530,0,P,P_REQ,492
517459965,0,P,P_DONE,492
518714444,3,P,P_REQ,493
518716439,3,P,P_DONE,493
518721855,0,P,P_REQ,494
518729113,4,C,C_REQ,-1
518731340,4,P,P_REQ,495
518735807,4,C,C_DONE,484
518737960,4,P,P_DONE,495
519523136,2,P,P_REQ,496
521262987,1,P,P_REQ,497
521634758,1,C,C_REQ,-1
521634754,0,C,C_REQ,-1
521647541,1,C,C_DONE,485
521649570,1,C,C_REQ,-1
521656840,0,P,P_DONE,494
521663513,2,P,P_DONE,496
521666113,0,C,C_DONE,486
521672201,1,C,C_DONE,487
521679943,1,P,P_DONE,497
522796382,4,C,C_REQ,-1
522797863,4,C,C_DONE,488
524756731,3,P,P_REQ,498
524758689,3,P,P_DONE,498
526152072,2,C,C_REQ,-1
526153884,2,C,C_DONE,489
526721457,1,P,P_REQ,499
526723465,1,P,P_DONE,499
527505722,3,C,C_REQ,-1
527507716,3,C,C_DONE,490
527956093,2,P,P_REQ,500
527958114,2,P,P_DONE,500
527960161,2,P,P_REQ,501
527965582,4,C,C_REQ,-1
527969170,4,C,C_DONE,491
527982212,2,P,P_DONE,501
528494695,4,P,P_REQ,502
529217842,4,C,C_REQ,-1
529222455,3,P,P_REQ,503
529227104,3,P,P_DONE,503
529223413,4,C,C_DONE,492
529229028,1,C,C_REQ,-1
529230918,1,C,C_DONE,493
529233492,4,P,P_DONE,502
531145229,2,P,P_REQ,504
531145171,3,C,C_REQ,-1
531153380,3,C,C_DONE,495
531156368,2,P,P_DONE,504
531592973,0,P,P_REQ,505
531706268,0,C,C_REQ,-1
531712348,0,C,C_DONE,494
531717872,0,P,P_DONE,505
532746685,1,P,P_REQ,506
532874871,1,C,C_REQ,-1
532881852,1,C,C_DONE,496
532887489,1,P,P_DONE,506
534265577,2,P,P_REQ,507
536768917,4,C,C_REQ,-1
536774467,4,C,C_DONE,497
536779515,2,C,C_REQ,-1
536780819,2,C,C_DONE,498
536784420,2,P,P_DONE,507
536814263,3,P,P_REQ,508
536816384,3,P,P_DONE,508
538071935,2,C,C_REQ,-1
538073840,2,C,C_DONE,499
